<?xml version="1.0"?>
<!DOCTYPE hibernate-mapping PUBLIC "-//Hibernate/Hibernate Mapping DTD 3.0//EN"
"http://hibernate.sourceforge.net/hibernate-mapping-3.0.dtd">
<!-- Generated 25 Sep, 2018 11:05:14 PM by Hibernate Tools 3.2.1.GA -->
<hibernate-mapping>
    <class name="com.fraud.database.pojo.UserInfoTable" table="user_info_table" catalog="fdsdb">
        <id name="id" type="java.lang.Integer">
            <column name="id" />
            <generator class="identity" />
        </id>
        <property name="name" type="string">
            <column name="name" length="65535" />
        </property>
        <property name="address" type="string">
            <column name="address" length="65535" />
        </property>
        <property name="city" type="string">
            <column name="city" length="65535" />
        </property>
        <property name="state" type="string">
            <column name="state" length="65535" />
        </property>
        <property name="country" type="string">
            <column name="country" length="65535" />
        </property>
        <property name="pincode" type="string">
            <column name="pincode" length="65535" />
        </property>
        <property name="phone" type="string">
            <column name="phone" length="65535" />
        </property>
        <property name="emailId" type="string">
            <column name="emailId" length="65535" />
        </property>
        <property name="password" type="string">
            <column name="password" length="65535" />
        </property>
        <property name="active" type="java.lang.Boolean">
            <column name="active" />
        </property>
    </class>
</hibernate-mapping>
